{
    "McFadden_R2": 0.0943660419140242,
    "Cox_Snell_R2": 0.12262343068509574,
    "Nagelkerke_R2": 0.16349797486330025
}