{
    "McFadden_R2": 0.09341223470060245,
    "Cox_Snell_R2": 0.12146011498515441,
    "Nagelkerke_R2": 0.16194848615117793
}