{
    "McFadden_R2": 0.09030984320731628,
    "Cox_Snell_R2": 0.11767422589983989,
    "Nagelkerke_R2": 0.15690018032828615
}