{
    "McFadden_R2": 0.0876936808904184,
    "Cox_Snell_R2": 0.11446959467365492,
    "Nagelkerke_R2": 0.15262657287798867
}