{
    "McFadden_R2": 0.09223870121096733,
    "Cox_Snell_R2": 0.12002469812980221,
    "Nagelkerke_R2": 0.16003787790392707
}