{
    "McFadden_R2": 0.08916209412252041,
    "Cox_Snell_R2": 0.11627054450018737,
    "Nagelkerke_R2": 0.1550277400100029
}