{
    "McFadden_R2": 0.09273956740555356,
    "Cox_Snell_R2": 0.12064297190891415,
    "Nagelkerke_R2": 0.1608573252991986
}