{
    "McFadden_R2": 0.09313548076745548,
    "Cox_Snell_R2": 0.12112416284559357,
    "Nagelkerke_R2": 0.16149977733272985
}