{
    "McFadden_R2": 0.09510552850805243,
    "Cox_Snell_R2": 0.12351920647692294,
    "Nagelkerke_R2": 0.16469445170651917
}