{
    "McFadden_R2": 0.09136755562364962,
    "Cox_Snell_R2": 0.11896887733627559,
    "Nagelkerke_R2": 0.1586251697817008
}