Metric,Mean,Std
AUC,0.656390629,0.002029428377842267
McFadden_R2,0.05599225151711704,0.0017814901441267992
Nagelkerke_R2,0.03306992573356776,0.001052176777412603
